Employee #,Last Name,First Name,Date,Time-In,Time-Out
1,Garcia,Manuel III,01/03/2024,08:00,17:00
2,Lim,Antonio,01/03/2024,08:00,17:00
3,Aquino,Bianca Sofia,01/03/2024,08:00,17:00
4,Reyes,Isabella,01/03/2024,08:00,17:00
5,Hernandez,Eduard,01/03/2024,08:00,17:00
6,Villanueva,Andrea Mae,01/03/2024,08:00,17:00
7,San Jose,Brad ,01/03/2024,08:00,17:00
8,Romualdez,Alice,01/03/2024,08:00,17:00
9,Atienza,Rosie ,01/03/2024,08:00,17:00
10,Alvaro,Roderick,01/03/2024,08:00,17:00
11,Salcedo,Anthony,01/03/2024,08:00,17:00
12,Lopez,Josie ,01/03/2024,08:00,17:00
13,Farala,Martha,01/03/2024,08:00,17:00
14,Martinez,Leila,01/03/2024,08:00,17:00
15,Romualdez,Fredrick ,01/03/2024,08:00,17:00
16,Mata,Christian,01/03/2024,08:00,17:00
17,De Leon,Selena ,01/03/2024,08:00,17:00
18,San Jose,Allison ,01/03/2024,08:00,17:00
19,Rosario,Cydney ,01/03/2024,08:00,17:00
20,Bautista,Mark ,01/03/2024,08:00,17:00
21,Lazaro,Darlene ,01/03/2024,08:00,17:00
22,Delos Santos,Kolby ,01/03/2024,08:00,17:00
23,Santos,Vella ,01/03/2024,08:00,17:00
24,Del Rosario,Tomas,01/03/2024,08:00,17:00
25,Tolentino,Jacklyn ,01/03/2024,08:00,17:00
26,Gutierrez,Percival ,01/03/2024,08:00,17:00
27,Manalaysay,Garfield ,01/03/2024,08:00,17:00
28,Villegas,Lizeth ,01/03/2024,08:00,17:00
29,Ramos,Carol ,01/03/2024,08:00,17:00
30,Maceda,Emelia ,01/03/2024,08:00,17:00
31,Aguilar,Delia ,01/03/2024,08:00,17:00
32,Castro,John Rafael,01/03/2024,08:00,17:00
33,Martinez,Carlos Ian,01/03/2024,08:00,17:00
34,Santos,Beatriz,01/03/2024,08:00,17:00
1,Garcia,Manuel III,01/04/2024,08:00,17:00
2,Lim,Antonio,01/04/2024,08:00,17:00
3,Aquino,Bianca Sofia,01/04/2024,08:00,17:00
4,Reyes,Isabella,01/04/2024,08:00,17:00
5,Hernandez,Eduard,01/04/2024,08:00,17:00
6,Villanueva,Andrea Mae,01/04/2024,08:00,17:00
7,San Jose,Brad ,01/04/2024,08:00,17:00
8,Romualdez,Alice,01/04/2024,08:00,17:00
9,Atienza,Rosie ,01/04/2024,08:00,17:00
10,Alvaro,Roderick,01/04/2024,08:00,17:00
11,Salcedo,Anthony,01/04/2024,08:00,17:00
12,Lopez,Josie ,01/04/2024,08:00,17:00
13,Farala,Martha,01/04/2024,08:00,17:00
14,Martinez,Leila,01/04/2024,08:00,17:00
15,Romualdez,Fredrick ,01/04/2024,08:00,17:00
16,Mata,Christian,01/04/2024,08:00,17:00
17,De Leon,Selena ,01/04/2024,08:00,17:00
18,San Jose,Allison ,01/04/2024,08:00,17:00
19,Rosario,Cydney ,01/04/2024,08:00,17:00
20,Bautista,Mark ,01/04/2024,08:00,17:00
21,Lazaro,Darlene ,01/04/2024,08:00,17:00
22,Delos Santos,Kolby ,01/04/2024,08:00,17:00
23,Santos,Vella ,01/04/2024,08:00,17:00
24,Del Rosario,Tomas,01/04/2024,08:00,17:00
25,Tolentino,Jacklyn ,01/04/2024,08:00,17:00
26,Gutierrez,Percival ,01/04/2024,08:00,17:00
27,Manalaysay,Garfield ,01/04/2024,08:00,17:00
28,Villegas,Lizeth ,01/04/2024,08:00,17:00
29,Ramos,Carol ,01/04/2024,08:00,17:00
30,Maceda,Emelia ,01/04/2024,08:00,17:00
31,Aguilar,Delia ,01/04/2024,08:00,17:00
32,Castro,John Rafael,01/04/2024,08:00,17:00
33,Martinez,Carlos Ian,01/04/2024,08:00,17:00
34,Santos,Beatriz,01/04/2024,08:00,17:00
1,Garcia,Manuel III,01/05/2024,08:00,17:00
2,Lim,Antonio,01/05/2024,08:00,17:00
3,Aquino,Bianca Sofia,01/05/2024,08:00,17:00
4,Reyes,Isabella,01/05/2024,08:00,17:00
5,Hernandez,Eduard,01/05/2024,08:00,17:00
6,Villanueva,Andrea Mae,01/05/2024,08:00,17:00
7,San Jose,Brad ,01/05/2024,08:00,17:00
8,Romualdez,Alice,01/05/2024,08:00,17:00
9,Atienza,Rosie ,01/05/2024,08:00,17:00
10,Alvaro,Roderick,01/05/2024,08:00,17:00
11,Salcedo,Anthony,01/05/2024,08:00,17:00
12,Lopez,Josie ,01/05/2024,08:00,17:00
13,Farala,Martha,01/05/2024,08:00,17:00
14,Martinez,Leila,01/05/2024,08:00,17:00
15,Romualdez,Fredrick ,01/05/2024,08:00,17:00
16,Mata,Christian,01/05/2024,08:00,17:00
17,De Leon,Selena ,01/05/2024,08:00,17:00
18,San Jose,Allison ,01/05/2024,08:00,17:00
19,Rosario,Cydney ,01/05/2024,08:00,17:00
20,Bautista,Mark ,01/05/2024,08:00,17:00
21,Lazaro,Darlene ,01/05/2024,08:00,17:00
22,Delos Santos,Kolby ,01/05/2024,08:00,17:00
23,Santos,Vella ,01/05/2024,08:00,17:00
24,Del Rosario,Tomas,01/05/2024,08:00,17:00
25,Tolentino,Jacklyn ,01/05/2024,08:00,17:00
26,Gutierrez,Percival ,01/05/2024,08:00,17:00
27,Manalaysay,Garfield ,01/05/2024,08:00,17:00
28,Villegas,Lizeth ,01/05/2024,08:00,17:00
29,Ramos,Carol ,01/05/2024,08:00,17:00
30,Maceda,Emelia ,01/05/2024,08:00,17:00
31,Aguilar,Delia ,01/05/2024,08:00,17:00
32,Castro,John Rafael,01/05/2024,08:00,17:00
33,Martinez,Carlos Ian,01/05/2024,08:00,17:00
34,Santos,Beatriz,01/05/2024,08:00,17:00
1,Garcia,Manuel III,01/08/2024,08:00,17:00
2,Lim,Antonio,01/08/2024,08:00,17:00
3,Aquino,Bianca Sofia,01/08/2024,08:00,17:00
4,Reyes,Isabella,01/08/2024,08:00,17:00
5,Hernandez,Eduard,01/08/2024,08:00,17:00
6,Villanueva,Andrea Mae,01/08/2024,08:00,17:00
7,San Jose,Brad ,01/08/2024,08:00,17:00
8,Romualdez,Alice,01/08/2024,08:00,17:00
9,Atienza,Rosie ,01/08/2024,08:00,17:00
10,Alvaro,Roderick,01/08/2024,08:00,17:00
11,Salcedo,Anthony,01/08/2024,08:00,17:00
12,Lopez,Josie ,01/08/2024,08:00,17:00
13,Farala,Martha,01/08/2024,08:00,17:00
14,Martinez,Leila,01/08/2024,08:00,17:00
15,Romualdez,Fredrick ,01/08/2024,08:00,17:00
16,Mata,Christian,01/08/2024,08:00,17:00
17,De Leon,Selena ,01/08/2024,08:00,17:00
18,San Jose,Allison ,01/08/2024,08:00,17:00
19,Rosario,Cydney ,01/08/2024,08:00,17:00
20,Bautista,Mark ,01/08/2024,08:00,17:00
21,Lazaro,Darlene ,01/08/2024,08:00,17:00
22,Delos Santos,Kolby ,01/08/2024,08:00,17:00
23,Santos,Vella ,01/08/2024,08:00,17:00
24,Del Rosario,Tomas,01/08/2024,08:00,17:00
25,Tolentino,Jacklyn ,01/08/2024,08:00,17:00
26,Gutierrez,Percival ,01/08/2024,08:00,17:00
27,Manalaysay,Garfield ,01/08/2024,08:00,17:00
28,Villegas,Lizeth ,01/08/2024,08:00,17:00
29,Ramos,Carol ,01/08/2024,08:00,17:00
30,Maceda,Emelia ,01/08/2024,08:00,17:00
31,Aguilar,Delia ,01/08/2024,08:00,17:00
32,Castro,John Rafael,01/08/2024,08:00,17:00
33,Martinez,Carlos Ian,01/08/2024,08:00,17:00
34,Santos,Beatriz,01/08/2024,08:00,17:00
1,Garcia,Manuel III,01/09/2024,08:00,17:00
2,Lim,Antonio,01/09/2024,08:00,17:00
3,Aquino,Bianca Sofia,01/09/2024,08:00,17:00
4,Reyes,Isabella,01/09/2024,08:00,17:00
5,Hernandez,Eduard,01/09/2024,08:00,17:00
6,Villanueva,Andrea Mae,01/09/2024,08:00,17:00
7,San Jose,Brad ,01/09/2024,08:00,17:00
8,Romualdez,Alice,01/09/2024,08:00,17:00
9,Atienza,Rosie ,01/09/2024,08:00,17:00
10,Alvaro,Roderick,01/09/2024,08:00,17:00
11,Salcedo,Anthony,01/09/2024,08:00,17:00
12,Lopez,Josie ,01/09/2024,08:00,17:00
13,Farala,Martha,01/09/2024,08:00,17:00
14,Martinez,Leila,01/09/2024,08:00,17:00
15,Romualdez,Fredrick ,01/09/2024,08:00,17:00
16,Mata,Christian,01/09/2024,08:00,17:00
17,De Leon,Selena ,01/09/2024,08:00,17:00
18,San Jose,Allison ,01/09/2024,08:00,17:00
19,Rosario,Cydney ,01/09/2024,08:00,17:00
20,Bautista,Mark ,01/09/2024,08:00,17:00
21,Lazaro,Darlene ,01/09/2024,08:00,17:00
22,Delos Santos,Kolby ,01/09/2024,08:00,17:00
23,Santos,Vella ,01/09/2024,08:00,17:00
24,Del Rosario,Tomas,01/09/2024,08:00,17:00
25,Tolentino,Jacklyn ,01/09/2024,08:00,17:00
26,Gutierrez,Percival ,01/09/2024,08:00,17:00
27,Manalaysay,Garfield ,01/09/2024,08:00,17:00
28,Villegas,Lizeth ,01/09/2024,08:00,17:00
29,Ramos,Carol ,01/09/2024,08:00,17:00
30,Maceda,Emelia ,01/09/2024,08:00,17:00
31,Aguilar,Delia ,01/09/2024,08:00,17:00
32,Castro,John Rafael,01/09/2024,08:00,17:00
33,Martinez,Carlos Ian,01/09/2024,08:00,17:00
34,Santos,Beatriz,01/09/2024,08:00,17:00
1,Garcia,Manuel III,01/10/2024,08:00,17:00
2,Lim,Antonio,01/10/2024,08:00,17:00
3,Aquino,Bianca Sofia,01/10/2024,08:00,17:00
4,Reyes,Isabella,01/10/2024,08:00,17:00
5,Hernandez,Eduard,01/10/2024,08:00,17:00
6,Villanueva,Andrea Mae,01/10/2024,08:00,17:00
7,San Jose,Brad ,01/10/2024,08:00,17:00
8,Romualdez,Alice,01/10/2024,08:00,17:00
9,Atienza,Rosie ,01/10/2024,08:00,17:00
10,Alvaro,Roderick,01/10/2024,08:00,17:00
11,Salcedo,Anthony,01/10/2024,08:00,17:00
12,Lopez,Josie ,01/10/2024,08:00,17:00
13,Farala,Martha,01/10/2024,08:00,17:00
14,Martinez,Leila,01/10/2024,08:00,17:00
15,Romualdez,Fredrick ,01/10/2024,08:00,17:00
16,Mata,Christian,01/10/2024,08:00,17:00
17,De Leon,Selena ,01/10/2024,08:00,17:00
18,San Jose,Allison ,01/10/2024,08:00,17:00
19,Rosario,Cydney ,01/10/2024,08:00,17:00
20,Bautista,Mark ,01/10/2024,08:00,17:00
21,Lazaro,Darlene ,01/10/2024,08:00,17:00
22,Delos Santos,Kolby ,01/10/2024,08:00,17:00
23,Santos,Vella ,01/10/2024,08:00,17:00
24,Del Rosario,Tomas,01/10/2024,08:00,17:00
25,Tolentino,Jacklyn ,01/10/2024,08:00,17:00
26,Gutierrez,Percival ,01/10/2024,08:00,17:00
27,Manalaysay,Garfield ,01/10/2024,08:00,17:00
28,Villegas,Lizeth ,01/10/2024,08:00,17:00
29,Ramos,Carol ,01/10/2024,08:00,17:00
30,Maceda,Emelia ,01/10/2024,08:00,17:00
31,Aguilar,Delia ,01/10/2024,08:00,17:00
32,Castro,John Rafael,01/10/2024,08:00,17:00
33,Martinez,Carlos Ian,01/10/2024,08:00,17:00
34,Santos,Beatriz,01/10/2024,08:00,17:00
1,Garcia,Manuel III,01/11/2024,08:00,17:00
2,Lim,Antonio,01/11/2024,08:00,17:00
3,Aquino,Bianca Sofia,01/11/2024,08:00,17:00
4,Reyes,Isabella,01/11/2024,08:00,17:00
5,Hernandez,Eduard,01/11/2024,08:00,17:00
6,Villanueva,Andrea Mae,01/11/2024,08:00,17:00
7,San Jose,Brad ,01/11/2024,08:00,17:00
8,Romualdez,Alice,01/11/2024,08:00,17:00
9,Atienza,Rosie ,01/11/2024,08:00,17:00
10,Alvaro,Roderick,01/11/2024,08:00,17:00
11,Salcedo,Anthony,01/11/2024,08:00,17:00
12,Lopez,Josie ,01/11/2024,08:00,17:00
13,Farala,Martha,01/11/2024,08:00,17:00
14,Martinez,Leila,01/11/2024,08:00,17:00
15,Romualdez,Fredrick ,01/11/2024,08:00,17:00
16,Mata,Christian,01/11/2024,08:00,17:00
17,De Leon,Selena ,01/11/2024,08:00,17:00
18,San Jose,Allison ,01/11/2024,08:00,17:00
19,Rosario,Cydney ,01/11/2024,08:00,17:00
20,Bautista,Mark ,01/11/2024,08:00,17:00
21,Lazaro,Darlene ,01/11/2024,08:00,17:00
22,Delos Santos,Kolby ,01/11/2024,08:00,17:00
23,Santos,Vella ,01/11/2024,08:00,17:00
24,Del Rosario,Tomas,01/11/2024,08:00,17:00
25,Tolentino,Jacklyn ,01/11/2024,08:00,17:00
26,Gutierrez,Percival ,01/11/2024,08:00,17:00
27,Manalaysay,Garfield ,01/11/2024,08:00,17:00
28,Villegas,Lizeth ,01/11/2024,08:00,17:00
29,Ramos,Carol ,01/11/2024,08:00,17:00
30,Maceda,Emelia ,01/11/2024,08:00,17:00
31,Aguilar,Delia ,01/11/2024,08:00,17:00
32,Castro,John Rafael,01/11/2024,08:00,17:00
33,Martinez,Carlos Ian,01/11/2024,08:00,17:00
34,Santos,Beatriz,01/11/2024,08:00,17:00
1,Garcia,Manuel III,01/12/2024,08:00,17:00
2,Lim,Antonio,01/12/2024,08:00,17:00
3,Aquino,Bianca Sofia,01/12/2024,08:00,17:00
4,Reyes,Isabella,01/12/2024,08:00,17:00
5,Hernandez,Eduard,01/12/2024,08:00,17:00
6,Villanueva,Andrea Mae,01/12/2024,08:00,17:00
7,San Jose,Brad ,01/12/2024,08:00,17:00
8,Romualdez,Alice,01/12/2024,08:00,17:00
9,Atienza,Rosie ,01/12/2024,08:00,17:00
10,Alvaro,Roderick,01/12/2024,08:00,17:00
11,Salcedo,Anthony,01/12/2024,08:00,17:00
12,Lopez,Josie ,01/12/2024,08:00,17:00
13,Farala,Martha,01/12/2024,08:00,17:00
14,Martinez,Leila,01/12/2024,08:00,17:00
15,Romualdez,Fredrick ,01/12/2024,08:00,17:00
16,Mata,Christian,01/12/2024,08:00,17:00
17,De Leon,Selena ,01/12/2024,08:00,17:00
18,San Jose,Allison ,01/12/2024,08:00,17:00
19,Rosario,Cydney ,01/12/2024,08:00,17:00
20,Bautista,Mark ,01/12/2024,08:00,17:00
21,Lazaro,Darlene ,01/12/2024,08:00,17:00
22,Delos Santos,Kolby ,01/12/2024,08:00,17:00
23,Santos,Vella ,01/12/2024,08:00,17:00
24,Del Rosario,Tomas,01/12/2024,08:00,17:00
25,Tolentino,Jacklyn ,01/12/2024,08:00,17:00
26,Gutierrez,Percival ,01/12/2024,08:00,17:00
27,Manalaysay,Garfield ,01/12/2024,08:00,17:00
28,Villegas,Lizeth ,01/12/2024,08:00,17:00
29,Ramos,Carol ,01/12/2024,08:00,17:00
30,Maceda,Emelia ,01/12/2024,08:00,17:00
31,Aguilar,Delia ,01/12/2024,08:00,17:00
32,Castro,John Rafael,01/12/2024,08:00,17:00
33,Martinez,Carlos Ian,01/12/2024,08:00,17:00
34,Santos,Beatriz,01/12/2024,08:00,17:00
1,Garcia,Manuel III,01/15/2024,08:00,17:00
2,Lim,Antonio,01/15/2024,08:00,17:00
3,Aquino,Bianca Sofia,01/15/2024,08:00,17:00
4,Reyes,Isabella,01/15/2024,08:00,17:00
5,Hernandez,Eduard,01/15/2024,08:00,17:00
6,Villanueva,Andrea Mae,01/15/2024,08:00,17:00
7,San Jose,Brad ,01/15/2024,08:00,17:00
8,Romualdez,Alice,01/15/2024,08:00,17:00
9,Atienza,Rosie ,01/15/2024,08:00,17:00
10,Alvaro,Roderick,01/15/2024,08:00,17:00
11,Salcedo,Anthony,01/15/2024,08:00,17:00
12,Lopez,Josie ,01/15/2024,08:00,17:00
13,Farala,Martha,01/15/2024,08:00,17:00
14,Martinez,Leila,01/15/2024,08:00,17:00
15,Romualdez,Fredrick ,01/15/2024,08:00,17:00
16,Mata,Christian,01/15/2024,08:00,17:00
17,De Leon,Selena ,01/15/2024,08:00,17:00
18,San Jose,Allison ,01/15/2024,08:00,17:00
19,Rosario,Cydney ,01/15/2024,08:00,17:00
20,Bautista,Mark ,01/15/2024,08:00,17:00
21,Lazaro,Darlene ,01/15/2024,08:00,17:00
22,Delos Santos,Kolby ,01/15/2024,08:00,17:00
23,Santos,Vella ,01/15/2024,08:00,17:00
24,Del Rosario,Tomas,01/15/2024,08:00,17:00
25,Tolentino,Jacklyn ,01/15/2024,08:00,17:00
26,Gutierrez,Percival ,01/15/2024,08:00,17:00
27,Manalaysay,Garfield ,01/15/2024,08:00,17:00
28,Villegas,Lizeth ,01/15/2024,08:00,17:00
29,Ramos,Carol ,01/15/2024,08:00,17:00
30,Maceda,Emelia ,01/15/2024,08:00,17:00
31,Aguilar,Delia ,01/15/2024,08:00,17:00
32,Castro,John Rafael,01/15/2024,08:00,17:00
33,Martinez,Carlos Ian,01/15/2024,08:00,17:00
34,Santos,Beatriz,01/15/2024,08:00,17:00
1,Garcia,Manuel III,01/16/2024,08:00,17:00
2,Lim,Antonio,01/16/2024,08:00,17:00
3,Aquino,Bianca Sofia,01/16/2024,08:00,17:00
4,Reyes,Isabella,01/16/2024,08:00,17:00
5,Hernandez,Eduard,01/16/2024,08:00,17:00
6,Villanueva,Andrea Mae,01/16/2024,08:00,17:00
7,San Jose,Brad ,01/16/2024,08:00,17:00
8,Romualdez,Alice,01/16/2024,08:00,17:00
9,Atienza,Rosie ,01/16/2024,08:00,17:00
10,Alvaro,Roderick,01/16/2024,08:00,17:00
11,Salcedo,Anthony,01/16/2024,08:00,17:00
12,Lopez,Josie ,01/16/2024,08:00,17:00
13,Farala,Martha,01/16/2024,08:00,17:00
14,Martinez,Leila,01/16/2024,08:00,17:00
15,Romualdez,Fredrick ,01/16/2024,08:00,17:00
16,Mata,Christian,01/16/2024,08:00,17:00
17,De Leon,Selena ,01/16/2024,08:00,17:00
18,San Jose,Allison ,01/16/2024,08:00,17:00
19,Rosario,Cydney ,01/16/2024,08:00,17:00
20,Bautista,Mark ,01/16/2024,08:00,17:00
21,Lazaro,Darlene ,01/16/2024,08:00,17:00
22,Delos Santos,Kolby ,01/16/2024,08:00,17:00
23,Santos,Vella ,01/16/2024,08:00,17:00
24,Del Rosario,Tomas,01/16/2024,08:00,17:00
25,Tolentino,Jacklyn ,01/16/2024,08:00,17:00
26,Gutierrez,Percival ,01/16/2024,08:00,17:00
27,Manalaysay,Garfield ,01/16/2024,08:00,17:00
28,Villegas,Lizeth ,01/16/2024,08:00,17:00
29,Ramos,Carol ,01/16/2024,08:00,17:00
30,Maceda,Emelia ,01/16/2024,08:00,17:00
31,Aguilar,Delia ,01/16/2024,08:00,17:00
32,Castro,John Rafael,01/16/2024,08:00,17:00
33,Martinez,Carlos Ian,01/16/2024,08:00,17:00
34,Santos,Beatriz,01/16/2024,08:00,17:00
1,Garcia,Manuel III,01/17/2024,08:00,17:00
2,Lim,Antonio,01/17/2024,08:00,17:00
3,Aquino,Bianca Sofia,01/17/2024,08:00,17:00
4,Reyes,Isabella,01/17/2024,08:00,17:00
5,Hernandez,Eduard,01/17/2024,08:00,17:00
6,Villanueva,Andrea Mae,01/17/2024,08:00,17:00
7,San Jose,Brad ,01/17/2024,08:00,17:00
8,Romualdez,Alice,01/17/2024,08:00,17:00
9,Atienza,Rosie ,01/17/2024,08:00,17:00
10,Alvaro,Roderick,01/17/2024,08:00,17:00
11,Salcedo,Anthony,01/17/2024,08:00,17:00
12,Lopez,Josie ,01/17/2024,08:00,17:00
13,Farala,Martha,01/17/2024,08:00,17:00
14,Martinez,Leila,01/17/2024,08:00,17:00
15,Romualdez,Fredrick ,01/17/2024,08:00,17:00
16,Mata,Christian,01/17/2024,08:00,17:00
17,De Leon,Selena ,01/17/2024,08:00,17:00
18,San Jose,Allison ,01/17/2024,08:00,17:00
19,Rosario,Cydney ,01/17/2024,08:00,17:00
20,Bautista,Mark ,01/17/2024,08:00,17:00
21,Lazaro,Darlene ,01/17/2024,08:00,17:00
22,Delos Santos,Kolby ,01/17/2024,08:00,17:00
23,Santos,Vella ,01/17/2024,08:00,17:00
24,Del Rosario,Tomas,01/17/2024,08:00,17:00
25,Tolentino,Jacklyn ,01/17/2024,08:00,17:00
26,Gutierrez,Percival ,01/17/2024,08:00,17:00
27,Manalaysay,Garfield ,01/17/2024,08:00,17:00
28,Villegas,Lizeth ,01/17/2024,08:00,17:00
29,Ramos,Carol ,01/17/2024,08:00,17:00
30,Maceda,Emelia ,01/17/2024,08:00,17:00
31,Aguilar,Delia ,01/17/2024,08:00,17:00
32,Castro,John Rafael,01/17/2024,08:00,17:00
33,Martinez,Carlos Ian,01/17/2024,08:00,17:00
34,Santos,Beatriz,01/17/2024,08:00,17:00
1,Garcia,Manuel III,01/18/2024,08:00,17:00
2,Lim,Antonio,01/18/2024,08:00,17:00
3,Aquino,Bianca Sofia,01/18/2024,08:00,17:00
4,Reyes,Isabella,01/18/2024,08:00,17:00
5,Hernandez,Eduard,01/18/2024,08:00,17:00
6,Villanueva,Andrea Mae,01/18/2024,08:00,17:00
7,San Jose,Brad ,01/18/2024,08:00,17:00
8,Romualdez,Alice,01/18/2024,08:00,17:00
9,Atienza,Rosie ,01/18/2024,08:00,17:00
10,Alvaro,Roderick,01/18/2024,08:00,17:00
11,Salcedo,Anthony,01/18/2024,08:00,17:00
12,Lopez,Josie ,01/18/2024,08:00,17:00
13,Farala,Martha,01/18/2024,08:00,17:00
14,Martinez,Leila,01/18/2024,08:00,17:00
15,Romualdez,Fredrick ,01/18/2024,08:00,17:00
16,Mata,Christian,01/18/2024,08:00,17:00
17,De Leon,Selena ,01/18/2024,08:00,17:00
18,San Jose,Allison ,01/18/2024,08:00,17:00
19,Rosario,Cydney ,01/18/2024,08:00,17:00
20,Bautista,Mark ,01/18/2024,08:00,17:00
21,Lazaro,Darlene ,01/18/2024,08:00,17:00
22,Delos Santos,Kolby ,01/18/2024,08:00,17:00
23,Santos,Vella ,01/18/2024,08:00,17:00
24,Del Rosario,Tomas,01/18/2024,08:00,17:00
25,Tolentino,Jacklyn ,01/18/2024,08:00,17:00
26,Gutierrez,Percival ,01/18/2024,08:00,17:00
27,Manalaysay,Garfield ,01/18/2024,08:00,17:00
28,Villegas,Lizeth ,01/18/2024,08:00,17:00
29,Ramos,Carol ,01/18/2024,08:00,17:00
30,Maceda,Emelia ,01/18/2024,08:00,17:00
31,Aguilar,Delia ,01/18/2024,08:00,17:00
32,Castro,John Rafael,01/18/2024,08:00,17:00
33,Martinez,Carlos Ian,01/18/2024,08:00,17:00
34,Santos,Beatriz,01/18/2024,08:00,17:00
1,Garcia,Manuel III,01/19/2024,08:00,17:00
2,Lim,Antonio,01/19/2024,08:00,17:00
3,Aquino,Bianca Sofia,01/19/2024,08:00,17:00
4,Reyes,Isabella,01/19/2024,08:00,17:00
5,Hernandez,Eduard,01/19/2024,08:00,17:00
6,Villanueva,Andrea Mae,01/19/2024,08:00,17:00
7,San Jose,Brad ,01/19/2024,08:00,17:00
8,Romualdez,Alice,01/19/2024,08:00,17:00
9,Atienza,Rosie ,01/19/2024,08:00,17:00
10,Alvaro,Roderick,01/19/2024,08:00,17:00
11,Salcedo,Anthony,01/19/2024,08:00,17:00
12,Lopez,Josie ,01/19/2024,08:00,17:00
13,Farala,Martha,01/19/2024,08:00,17:00
14,Martinez,Leila,01/19/2024,08:00,17:00
15,Romualdez,Fredrick ,01/19/2024,08:00,17:00
16,Mata,Christian,01/19/2024,08:00,17:00
17,De Leon,Selena ,01/19/2024,08:00,17:00
18,San Jose,Allison ,01/19/2024,08:00,17:00
19,Rosario,Cydney ,01/19/2024,08:00,17:00
20,Bautista,Mark ,01/19/2024,08:00,17:00
21,Lazaro,Darlene ,01/19/2024,08:00,17:00
22,Delos Santos,Kolby ,01/19/2024,08:00,17:00
23,Santos,Vella ,01/19/2024,08:00,17:00
24,Del Rosario,Tomas,01/19/2024,08:00,17:00
25,Tolentino,Jacklyn ,01/19/2024,08:00,17:00
26,Gutierrez,Percival ,01/19/2024,08:00,17:00
27,Manalaysay,Garfield ,01/19/2024,08:00,17:00
28,Villegas,Lizeth ,01/19/2024,08:00,17:00
29,Ramos,Carol ,01/19/2024,08:00,17:00
30,Maceda,Emelia ,01/19/2024,08:00,17:00
31,Aguilar,Delia ,01/19/2024,08:00,17:00
32,Castro,John Rafael,01/19/2024,08:00,17:00
33,Martinez,Carlos Ian,01/19/2024,08:00,17:00
34,Santos,Beatriz,01/19/2024,08:00,17:00
1,Garcia,Manuel III,01/22/2024,08:00,17:00
2,Lim,Antonio,01/22/2024,08:00,17:00
3,Aquino,Bianca Sofia,01/22/2024,08:00,17:00
4,Reyes,Isabella,01/22/2024,08:00,17:00
5,Hernandez,Eduard,01/22/2024,08:00,17:00
6,Villanueva,Andrea Mae,01/22/2024,08:00,17:00
7,San Jose,Brad ,01/22/2024,08:00,17:00
8,Romualdez,Alice,01/22/2024,08:00,17:00
9,Atienza,Rosie ,01/22/2024,08:00,17:00
10,Alvaro,Roderick,01/22/2024,08:00,17:00
11,Salcedo,Anthony,01/22/2024,08:00,17:00
12,Lopez,Josie ,01/22/2024,08:00,17:00
13,Farala,Martha,01/22/2024,08:00,17:00
14,Martinez,Leila,01/22/2024,08:00,17:00
15,Romualdez,Fredrick ,01/22/2024,08:00,17:00
16,Mata,Christian,01/22/2024,08:00,17:00
17,De Leon,Selena ,01/22/2024,08:00,17:00
18,San Jose,Allison ,01/22/2024,08:00,17:00
19,Rosario,Cydney ,01/22/2024,08:00,17:00
20,Bautista,Mark ,01/22/2024,08:00,17:00
21,Lazaro,Darlene ,01/22/2024,08:00,17:00
22,Delos Santos,Kolby ,01/22/2024,08:00,17:00
23,Santos,Vella ,01/22/2024,08:00,17:00
24,Del Rosario,Tomas,01/22/2024,08:00,17:00
25,Tolentino,Jacklyn ,01/22/2024,08:00,17:00
26,Gutierrez,Percival ,01/22/2024,08:00,17:00
27,Manalaysay,Garfield ,01/22/2024,08:00,17:00
28,Villegas,Lizeth ,01/22/2024,08:00,17:00
29,Ramos,Carol ,01/22/2024,08:00,17:00
30,Maceda,Emelia ,01/22/2024,08:00,17:00
31,Aguilar,Delia ,01/22/2024,08:00,17:00
32,Castro,John Rafael,01/22/2024,08:00,17:00
33,Martinez,Carlos Ian,01/22/2024,08:00,17:00
34,Santos,Beatriz,01/22/2024,08:00,17:00
1,Garcia,Manuel III,01/23/2024,08:00,17:00
2,Lim,Antonio,01/23/2024,08:00,17:00
3,Aquino,Bianca Sofia,01/23/2024,08:00,17:00
4,Reyes,Isabella,01/23/2024,08:00,17:00
5,Hernandez,Eduard,01/23/2024,08:00,17:00
6,Villanueva,Andrea Mae,01/23/2024,08:00,17:00
7,San Jose,Brad ,01/23/2024,08:00,17:00
8,Romualdez,Alice,01/23/2024,08:00,17:00
9,Atienza,Rosie ,01/23/2024,08:00,17:00
10,Alvaro,Roderick,01/23/2024,08:00,17:00
11,Salcedo,Anthony,01/23/2024,08:00,17:00
12,Lopez,Josie ,01/23/2024,08:00,17:00
13,Farala,Martha,01/23/2024,08:00,17:00
14,Martinez,Leila,01/23/2024,08:00,17:00
15,Romualdez,Fredrick ,01/23/2024,08:00,17:00
16,Mata,Christian,01/23/2024,08:00,17:00
17,De Leon,Selena ,01/23/2024,08:00,17:00
18,San Jose,Allison ,01/23/2024,08:00,17:00
19,Rosario,Cydney ,01/23/2024,08:00,17:00
20,Bautista,Mark ,01/23/2024,08:00,17:00
21,Lazaro,Darlene ,01/23/2024,08:00,17:00
22,Delos Santos,Kolby ,01/23/2024,08:00,17:00
23,Santos,Vella ,01/23/2024,08:00,17:00
24,Del Rosario,Tomas,01/23/2024,08:00,17:00
25,Tolentino,Jacklyn ,01/23/2024,08:00,17:00
26,Gutierrez,Percival ,01/23/2024,08:00,17:00
27,Manalaysay,Garfield ,01/23/2024,08:00,17:00
28,Villegas,Lizeth ,01/23/2024,08:00,17:00
29,Ramos,Carol ,01/23/2024,08:00,17:00
30,Maceda,Emelia ,01/23/2024,08:00,17:00
31,Aguilar,Delia ,01/23/2024,08:00,17:00
32,Castro,John Rafael,01/23/2024,08:00,17:00
33,Martinez,Carlos Ian,01/23/2024,08:00,17:00
34,Santos,Beatriz,01/23/2024,08:00,17:00
1,Garcia,Manuel III,01/24/2024,08:00,17:00
2,Lim,Antonio,01/24/2024,08:00,17:00
3,Aquino,Bianca Sofia,01/24/2024,08:00,17:00
4,Reyes,Isabella,01/24/2024,08:00,17:00
5,Hernandez,Eduard,01/24/2024,08:00,17:00
6,Villanueva,Andrea Mae,01/24/2024,08:00,17:00
7,San Jose,Brad ,01/24/2024,08:00,17:00
8,Romualdez,Alice,01/24/2024,08:00,17:00
9,Atienza,Rosie ,01/24/2024,08:00,17:00
10,Alvaro,Roderick,01/24/2024,08:00,17:00
11,Salcedo,Anthony,01/24/2024,08:00,17:00
12,Lopez,Josie ,01/24/2024,08:00,17:00
13,Farala,Martha,01/24/2024,08:00,17:00
14,Martinez,Leila,01/24/2024,08:00,17:00
15,Romualdez,Fredrick ,01/24/2024,08:00,17:00
16,Mata,Christian,01/24/2024,08:00,17:00
17,De Leon,Selena ,01/24/2024,08:00,17:00
18,San Jose,Allison ,01/24/2024,08:00,17:00
19,Rosario,Cydney ,01/24/2024,08:00,17:00
20,Bautista,Mark ,01/24/2024,08:00,17:00
21,Lazaro,Darlene ,01/24/2024,08:00,17:00
22,Delos Santos,Kolby ,01/24/2024,08:00,17:00
23,Santos,Vella ,01/24/2024,08:00,17:00
24,Del Rosario,Tomas,01/24/2024,08:00,17:00
25,Tolentino,Jacklyn ,01/24/2024,08:00,17:00
26,Gutierrez,Percival ,01/24/2024,08:00,17:00
27,Manalaysay,Garfield ,01/24/2024,08:00,17:00
28,Villegas,Lizeth ,01/24/2024,08:00,17:00
29,Ramos,Carol ,01/24/2024,08:00,17:00
30,Maceda,Emelia ,01/24/2024,08:00,17:00
31,Aguilar,Delia ,01/24/2024,08:00,17:00
32,Castro,John Rafael,01/24/2024,08:00,17:00
33,Martinez,Carlos Ian,01/24/2024,08:00,17:00
34,Santos,Beatriz,01/24/2024,08:00,17:00
1,Garcia,Manuel III,01/25/2024,08:00,17:00
2,Lim,Antonio,01/25/2024,08:00,17:00
3,Aquino,Bianca Sofia,01/25/2024,08:00,17:00
4,Reyes,Isabella,01/25/2024,08:00,17:00
5,Hernandez,Eduard,01/25/2024,08:00,17:00
6,Villanueva,Andrea Mae,01/25/2024,08:00,17:00
7,San Jose,Brad ,01/25/2024,08:00,17:00
8,Romualdez,Alice,01/25/2024,08:00,17:00
9,Atienza,Rosie ,01/25/2024,08:00,17:00
10,Alvaro,Roderick,01/25/2024,08:00,17:00
11,Salcedo,Anthony,01/25/2024,08:00,17:00
12,Lopez,Josie ,01/25/2024,08:00,17:00
13,Farala,Martha,01/25/2024,08:00,17:00
14,Martinez,Leila,01/25/2024,08:00,17:00
15,Romualdez,Fredrick ,01/25/2024,08:00,17:00
16,Mata,Christian,01/25/2024,08:00,17:00
17,De Leon,Selena ,01/25/2024,08:00,17:00
18,San Jose,Allison ,01/25/2024,08:00,17:00
19,Rosario,Cydney ,01/25/2024,08:00,17:00
20,Bautista,Mark ,01/25/2024,08:00,17:00
21,Lazaro,Darlene ,01/25/2024,08:00,17:00
22,Delos Santos,Kolby ,01/25/2024,08:00,17:00
23,Santos,Vella ,01/25/2024,08:00,17:00
24,Del Rosario,Tomas,01/25/2024,08:00,17:00
25,Tolentino,Jacklyn ,01/25/2024,08:00,17:00
26,Gutierrez,Percival ,01/25/2024,08:00,17:00
27,Manalaysay,Garfield ,01/25/2024,08:00,17:00
28,Villegas,Lizeth ,01/25/2024,08:00,17:00
29,Ramos,Carol ,01/25/2024,08:00,17:00
30,Maceda,Emelia ,01/25/2024,08:00,17:00
31,Aguilar,Delia ,01/25/2024,08:00,17:00
32,Castro,John Rafael,01/25/2024,08:00,17:00
33,Martinez,Carlos Ian,01/25/2024,08:00,17:00
34,Santos,Beatriz,01/25/2024,08:00,17:00
1,Garcia,Manuel III,01/26/2024,08:00,17:00
2,Lim,Antonio,01/26/2024,08:00,17:00
3,Aquino,Bianca Sofia,01/26/2024,08:00,17:00
4,Reyes,Isabella,01/26/2024,08:00,17:00
5,Hernandez,Eduard,01/26/2024,08:00,17:00
6,Villanueva,Andrea Mae,01/26/2024,08:00,17:00
7,San Jose,Brad ,01/26/2024,08:00,17:00
8,Romualdez,Alice,01/26/2024,08:00,17:00
9,Atienza,Rosie ,01/26/2024,08:00,17:00
10,Alvaro,Roderick,01/26/2024,08:00,17:00
11,Salcedo,Anthony,01/26/2024,08:00,17:00
12,Lopez,Josie ,01/26/2024,08:00,17:00
13,Farala,Martha,01/26/2024,08:00,17:00
14,Martinez,Leila,01/26/2024,08:00,17:00
15,Romualdez,Fredrick ,01/26/2024,08:00,17:00
16,Mata,Christian,01/26/2024,08:00,17:00
17,De Leon,Selena ,01/26/2024,08:00,17:00
18,San Jose,Allison ,01/26/2024,08:00,17:00
19,Rosario,Cydney ,01/26/2024,08:00,17:00
20,Bautista,Mark ,01/26/2024,08:00,17:00
21,Lazaro,Darlene ,01/26/2024,08:00,17:00
22,Delos Santos,Kolby ,01/26/2024,08:00,17:00
23,Santos,Vella ,01/26/2024,08:00,17:00
24,Del Rosario,Tomas,01/26/2024,08:00,17:00
25,Tolentino,Jacklyn ,01/26/2024,08:00,17:00
26,Gutierrez,Percival ,01/26/2024,08:00,17:00
27,Manalaysay,Garfield ,01/26/2024,08:00,17:00
28,Villegas,Lizeth ,01/26/2024,08:00,17:00
29,Ramos,Carol ,01/26/2024,08:00,17:00
30,Maceda,Emelia ,01/26/2024,08:00,17:00
31,Aguilar,Delia ,01/26/2024,08:00,17:00
32,Castro,John Rafael,01/26/2024,08:00,17:00
33,Martinez,Carlos Ian,01/26/2024,08:00,17:00
34,Santos,Beatriz,01/26/2024,08:00,17:00
1,Garcia,Manuel III,01/29/2024,08:00,17:00
2,Lim,Antonio,01/29/2024,08:00,17:00
3,Aquino,Bianca Sofia,01/29/2024,08:00,17:00
4,Reyes,Isabella,01/29/2024,08:00,17:00
5,Hernandez,Eduard,01/29/2024,08:00,17:00
6,Villanueva,Andrea Mae,01/29/2024,08:00,17:00
7,San Jose,Brad ,01/29/2024,08:00,17:00
8,Romualdez,Alice,01/29/2024,08:00,17:00
9,Atienza,Rosie ,01/29/2024,08:00,17:00
10,Alvaro,Roderick,01/29/2024,08:00,17:00
11,Salcedo,Anthony,01/29/2024,08:00,17:00
12,Lopez,Josie ,01/29/2024,08:00,17:00
13,Farala,Martha,01/29/2024,08:00,17:00
14,Martinez,Leila,01/29/2024,08:00,17:00
15,Romualdez,Fredrick ,01/29/2024,08:00,17:00
16,Mata,Christian,01/29/2024,08:00,17:00
17,De Leon,Selena ,01/29/2024,08:00,17:00
18,San Jose,Allison ,01/29/2024,08:00,17:00
19,Rosario,Cydney ,01/29/2024,08:00,17:00
20,Bautista,Mark ,01/29/2024,08:00,17:00
21,Lazaro,Darlene ,01/29/2024,08:00,17:00
22,Delos Santos,Kolby ,01/29/2024,08:00,17:00
23,Santos,Vella ,01/29/2024,08:00,17:00
24,Del Rosario,Tomas,01/29/2024,08:00,17:00
25,Tolentino,Jacklyn ,01/29/2024,08:00,17:00
26,Gutierrez,Percival ,01/29/2024,08:00,17:00
27,Manalaysay,Garfield ,01/29/2024,08:00,17:00
28,Villegas,Lizeth ,01/29/2024,08:00,17:00
29,Ramos,Carol ,01/29/2024,08:00,17:00
30,Maceda,Emelia ,01/29/2024,08:00,17:00
31,Aguilar,Delia ,01/29/2024,08:00,17:00
32,Castro,John Rafael,01/29/2024,08:00,17:00
33,Martinez,Carlos Ian,01/29/2024,08:00,17:00
34,Santos,Beatriz,01/29/2024,08:00,17:00
1,Garcia,Manuel III,01/30/2024,08:00,17:00
2,Lim,Antonio,01/30/2024,08:00,17:00
3,Aquino,Bianca Sofia,01/30/2024,08:00,17:00
4,Reyes,Isabella,01/30/2024,08:00,17:00
5,Hernandez,Eduard,01/30/2024,08:00,17:00
6,Villanueva,Andrea Mae,01/30/2024,08:00,17:00
7,San Jose,Brad ,01/30/2024,08:00,17:00
8,Romualdez,Alice,01/30/2024,08:00,17:00
9,Atienza,Rosie ,01/30/2024,08:00,17:00
10,Alvaro,Roderick,01/30/2024,08:00,17:00
11,Salcedo,Anthony,01/30/2024,08:00,17:00
12,Lopez,Josie ,01/30/2024,08:00,17:00
13,Farala,Martha,01/30/2024,08:00,17:00
14,Martinez,Leila,01/30/2024,08:00,17:00
15,Romualdez,Fredrick ,01/30/2024,08:00,17:00
16,Mata,Christian,01/30/2024,08:00,17:00
17,De Leon,Selena ,01/30/2024,08:00,17:00
18,San Jose,Allison ,01/30/2024,08:00,17:00
19,Rosario,Cydney ,01/30/2024,08:00,17:00
20,Bautista,Mark ,01/30/2024,08:00,17:00
21,Lazaro,Darlene ,01/30/2024,08:00,17:00
22,Delos Santos,Kolby ,01/30/2024,08:00,17:00
23,Santos,Vella ,01/30/2024,08:00,17:00
24,Del Rosario,Tomas,01/30/2024,08:00,17:00
25,Tolentino,Jacklyn ,01/30/2024,08:00,17:00
26,Gutierrez,Percival ,01/30/2024,08:00,17:00
27,Manalaysay,Garfield ,01/30/2024,08:00,17:00
28,Villegas,Lizeth ,01/30/2024,08:00,17:00
29,Ramos,Carol ,01/30/2024,08:00,17:00
30,Maceda,Emelia ,01/30/2024,08:00,17:00
31,Aguilar,Delia ,01/30/2024,08:00,17:00
32,Castro,John Rafael,01/30/2024,08:00,17:00
33,Martinez,Carlos Ian,01/30/2024,08:00,17:00
34,Santos,Beatriz,01/30/2024,08:00,17:00
1,Garcia,Manuel III,01/31/2024,08:00,17:00
2,Lim,Antonio,01/31/2024,08:00,17:00
3,Aquino,Bianca Sofia,01/31/2024,08:00,17:00
4,Reyes,Isabella,01/31/2024,08:00,17:00
5,Hernandez,Eduard,01/31/2024,08:00,17:00
6,Villanueva,Andrea Mae,01/31/2024,08:00,17:00
7,San Jose,Brad ,01/31/2024,08:00,17:00
8,Romualdez,Alice,01/31/2024,08:00,17:00
9,Atienza,Rosie ,01/31/2024,08:00,17:00
10,Alvaro,Roderick,01/31/2024,08:00,17:00
11,Salcedo,Anthony,01/31/2024,08:00,17:00
12,Lopez,Josie ,01/31/2024,08:00,17:00
13,Farala,Martha,01/31/2024,08:00,17:00
14,Martinez,Leila,01/31/2024,08:00,17:00
15,Romualdez,Fredrick ,01/31/2024,08:00,17:00
16,Mata,Christian,01/31/2024,08:00,17:00
17,De Leon,Selena ,01/31/2024,08:00,17:00
18,San Jose,Allison ,01/31/2024,08:00,17:00
19,Rosario,Cydney ,01/31/2024,08:00,17:00
20,Bautista,Mark ,01/31/2024,08:00,17:00
21,Lazaro,Darlene ,01/31/2024,08:00,17:00
22,Delos Santos,Kolby ,01/31/2024,08:00,17:00
23,Santos,Vella ,01/31/2024,08:00,17:00
24,Del Rosario,Tomas,01/31/2024,08:00,17:00
25,Tolentino,Jacklyn ,01/31/2024,08:00,17:00
26,Gutierrez,Percival ,01/31/2024,08:00,17:00
27,Manalaysay,Garfield ,01/31/2024,08:00,17:00
28,Villegas,Lizeth ,01/31/2024,08:00,17:00
29,Ramos,Carol ,01/31/2024,08:00,17:00
30,Maceda,Emelia ,01/31/2024,08:00,17:00
31,Aguilar,Delia ,01/31/2024,08:00,17:00
32,Castro,John Rafael,01/31/2024,08:00,17:00
33,Martinez,Carlos Ian,01/31/2024,08:00,17:00
34,Santos,Beatriz,01/31/2024,08:00,17:00
1,Garcia,Manuel III,02/01/2024,08:00,17:00
2,Lim,Antonio,02/01/2024,08:00,17:00
3,Aquino,Bianca Sofia,02/01/2024,08:00,17:00
4,Reyes,Isabella,02/01/2024,08:00,17:00
5,Hernandez,Eduard,02/01/2024,08:00,17:00
6,Villanueva,Andrea Mae,02/01/2024,08:00,17:00
7,San Jose,Brad ,02/01/2024,08:00,17:00
8,Romualdez,Alice,02/01/2024,08:00,17:00
9,Atienza,Rosie ,02/01/2024,08:00,17:00
10,Alvaro,Roderick,02/01/2024,08:00,17:00
11,Salcedo,Anthony,02/01/2024,08:00,17:00
12,Lopez,Josie ,02/01/2024,08:00,17:00
13,Farala,Martha,02/01/2024,08:00,17:00
14,Martinez,Leila,02/01/2024,08:00,17:00
15,Romualdez,Fredrick ,02/01/2024,08:00,17:00
16,Mata,Christian,02/01/2024,08:00,17:00
17,De Leon,Selena ,02/01/2024,08:00,17:00
18,San Jose,Allison ,02/01/2024,08:00,17:00
19,Rosario,Cydney ,02/01/2024,08:00,17:00
20,Bautista,Mark ,02/01/2024,08:00,17:00
21,Lazaro,Darlene ,02/01/2024,08:00,17:00
22,Delos Santos,Kolby ,02/01/2024,08:00,17:00
23,Santos,Vella ,02/01/2024,08:00,17:00
24,Del Rosario,Tomas,02/01/2024,08:00,17:00
25,Tolentino,Jacklyn ,02/01/2024,08:00,17:00
26,Gutierrez,Percival ,02/01/2024,08:00,17:00
27,Manalaysay,Garfield ,02/01/2024,08:00,17:00
28,Villegas,Lizeth ,02/01/2024,08:00,17:00
29,Ramos,Carol ,02/01/2024,08:00,17:00
30,Maceda,Emelia ,02/01/2024,08:00,17:00
31,Aguilar,Delia ,02/01/2024,08:00,17:00
32,Castro,John Rafael,02/01/2024,08:00,17:00
33,Martinez,Carlos Ian,02/01/2024,08:00,17:00
34,Santos,Beatriz,02/01/2024,08:00,17:00
1,Garcia,Manuel III,02/02/2024,08:00,17:00
2,Lim,Antonio,02/02/2024,08:00,17:00
3,Aquino,Bianca Sofia,02/02/2024,08:00,17:00
4,Reyes,Isabella,02/02/2024,08:00,17:00
5,Hernandez,Eduard,02/02/2024,08:00,17:00
6,Villanueva,Andrea Mae,02/02/2024,08:00,17:00
7,San Jose,Brad ,02/02/2024,08:00,17:00
8,Romualdez,Alice,02/02/2024,08:00,17:00
9,Atienza,Rosie ,02/02/2024,08:00,17:00
10,Alvaro,Roderick,02/02/2024,08:00,17:00
11,Salcedo,Anthony,02/02/2024,08:00,17:00
12,Lopez,Josie ,02/02/2024,08:00,17:00
13,Farala,Martha,02/02/2024,08:00,17:00
14,Martinez,Leila,02/02/2024,08:00,17:00
15,Romualdez,Fredrick ,02/02/2024,08:00,17:00
16,Mata,Christian,02/02/2024,08:00,17:00
17,De Leon,Selena ,02/02/2024,08:00,17:00
18,San Jose,Allison ,02/02/2024,08:00,17:00
19,Rosario,Cydney ,02/02/2024,08:00,17:00
20,Bautista,Mark ,02/02/2024,08:00,17:00
21,Lazaro,Darlene ,02/02/2024,08:00,17:00
22,Delos Santos,Kolby ,02/02/2024,08:00,17:00
23,Santos,Vella ,02/02/2024,08:00,17:00
24,Del Rosario,Tomas,02/02/2024,08:00,17:00
25,Tolentino,Jacklyn ,02/02/2024,08:00,17:00
26,Gutierrez,Percival ,02/02/2024,08:00,17:00
27,Manalaysay,Garfield ,02/02/2024,08:00,17:00
28,Villegas,Lizeth ,02/02/2024,08:00,17:00
29,Ramos,Carol ,02/02/2024,08:00,17:00
30,Maceda,Emelia ,02/02/2024,08:00,17:00
31,Aguilar,Delia ,02/02/2024,08:00,17:00
32,Castro,John Rafael,02/02/2024,08:00,17:00
33,Martinez,Carlos Ian,02/02/2024,08:00,17:00
34,Santos,Beatriz,02/02/2024,08:00,17:00
1,Garcia,Manuel III,02/05/2024,08:00,17:00
2,Lim,Antonio,02/05/2024,08:00,17:00
3,Aquino,Bianca Sofia,02/05/2024,08:00,17:00
4,Reyes,Isabella,02/05/2024,08:00,17:00
5,Hernandez,Eduard,02/05/2024,08:00,17:00
6,Villanueva,Andrea Mae,02/05/2024,08:00,17:00
7,San Jose,Brad ,02/05/2024,08:00,17:00
8,Romualdez,Alice,02/05/2024,08:00,17:00
9,Atienza,Rosie ,02/05/2024,08:00,17:00
10,Alvaro,Roderick,02/05/2024,08:00,17:00
11,Salcedo,Anthony,02/05/2024,08:00,17:00
12,Lopez,Josie ,02/05/2024,08:00,17:00
13,Farala,Martha,02/05/2024,08:00,17:00
14,Martinez,Leila,02/05/2024,08:00,17:00
15,Romualdez,Fredrick ,02/05/2024,08:00,17:00
16,Mata,Christian,02/05/2024,08:00,17:00
17,De Leon,Selena ,02/05/2024,08:00,17:00
18,San Jose,Allison ,02/05/2024,08:00,17:00
19,Rosario,Cydney ,02/05/2024,08:00,17:00
20,Bautista,Mark ,02/05/2024,08:00,17:00
21,Lazaro,Darlene ,02/05/2024,08:00,17:00
22,Delos Santos,Kolby ,02/05/2024,08:00,17:00
23,Santos,Vella ,02/05/2024,08:00,17:00
24,Del Rosario,Tomas,02/05/2024,08:00,17:00
25,Tolentino,Jacklyn ,02/05/2024,08:00,17:00
26,Gutierrez,Percival ,02/05/2024,08:00,17:00
27,Manalaysay,Garfield ,02/05/2024,08:00,17:00
28,Villegas,Lizeth ,02/05/2024,08:00,17:00
29,Ramos,Carol ,02/05/2024,08:00,17:00
30,Maceda,Emelia ,02/05/2024,08:00,17:00
31,Aguilar,Delia ,02/05/2024,08:00,17:00
32,Castro,John Rafael,02/05/2024,08:00,17:00
33,Martinez,Carlos Ian,02/05/2024,08:00,17:00
34,Santos,Beatriz,02/05/2024,08:00,17:00
1,Garcia,Manuel III,02/06/2024,08:00,17:00
2,Lim,Antonio,02/06/2024,08:00,17:00
3,Aquino,Bianca Sofia,02/06/2024,08:00,17:00
4,Reyes,Isabella,02/06/2024,08:00,17:00
5,Hernandez,Eduard,02/06/2024,08:00,17:00
6,Villanueva,Andrea Mae,02/06/2024,08:00,17:00
7,San Jose,Brad ,02/06/2024,08:00,17:00
8,Romualdez,Alice,02/06/2024,08:00,17:00
9,Atienza,Rosie ,02/06/2024,08:00,17:00
10,Alvaro,Roderick,02/06/2024,08:00,17:00
11,Salcedo,Anthony,02/06/2024,08:00,17:00
12,Lopez,Josie ,02/06/2024,08:00,17:00
13,Farala,Martha,02/06/2024,08:00,17:00
14,Martinez,Leila,02/06/2024,08:00,17:00
15,Romualdez,Fredrick ,02/06/2024,08:00,17:00
16,Mata,Christian,02/06/2024,08:00,17:00
17,De Leon,Selena ,02/06/2024,08:00,17:00
18,San Jose,Allison ,02/06/2024,08:00,17:00
19,Rosario,Cydney ,02/06/2024,08:00,17:00
20,Bautista,Mark ,02/06/2024,08:00,17:00
21,Lazaro,Darlene ,02/06/2024,08:00,17:00
22,Delos Santos,Kolby ,02/06/2024,08:00,17:00
23,Santos,Vella ,02/06/2024,08:00,17:00
24,Del Rosario,Tomas,02/06/2024,08:00,17:00
25,Tolentino,Jacklyn ,02/06/2024,08:00,17:00
26,Gutierrez,Percival ,02/06/2024,08:00,17:00
27,Manalaysay,Garfield ,02/06/2024,08:00,17:00
28,Villegas,Lizeth ,02/06/2024,08:00,17:00
29,Ramos,Carol ,02/06/2024,08:00,17:00
30,Maceda,Emelia ,02/06/2024,08:00,17:00
31,Aguilar,Delia ,02/06/2024,08:00,17:00
32,Castro,John Rafael,02/06/2024,08:00,17:00
33,Martinez,Carlos Ian,02/06/2024,08:00,17:00
34,Santos,Beatriz,02/06/2024,08:00,17:00
1,Garcia,Manuel III,02/07/2024,08:00,17:00
2,Lim,Antonio,02/07/2024,08:00,17:00
3,Aquino,Bianca Sofia,02/07/2024,08:00,17:00
4,Reyes,Isabella,02/07/2024,08:00,17:00
5,Hernandez,Eduard,02/07/2024,08:00,17:00
6,Villanueva,Andrea Mae,02/07/2024,08:00,17:00
7,San Jose,Brad ,02/07/2024,08:00,17:00
8,Romualdez,Alice,02/07/2024,08:00,17:00
9,Atienza,Rosie ,02/07/2024,08:00,17:00
10,Alvaro,Roderick,02/07/2024,08:00,17:00
11,Salcedo,Anthony,02/07/2024,08:00,17:00
12,Lopez,Josie ,02/07/2024,08:00,17:00
13,Farala,Martha,02/07/2024,08:00,17:00
14,Martinez,Leila,02/07/2024,08:00,17:00
15,Romualdez,Fredrick ,02/07/2024,08:00,17:00
16,Mata,Christian,02/07/2024,08:00,17:00
17,De Leon,Selena ,02/07/2024,08:00,17:00
18,San Jose,Allison ,02/07/2024,08:00,17:00
19,Rosario,Cydney ,02/07/2024,08:00,17:00
20,Bautista,Mark ,02/07/2024,08:00,17:00
21,Lazaro,Darlene ,02/07/2024,08:00,17:00
22,Delos Santos,Kolby ,02/07/2024,08:00,17:00
23,Santos,Vella ,02/07/2024,08:00,17:00
24,Del Rosario,Tomas,02/07/2024,08:00,17:00
25,Tolentino,Jacklyn ,02/07/2024,08:00,17:00
26,Gutierrez,Percival ,02/07/2024,08:00,17:00
27,Manalaysay,Garfield ,02/07/2024,08:00,17:00
28,Villegas,Lizeth ,02/07/2024,08:00,17:00
29,Ramos,Carol ,02/07/2024,08:00,17:00
30,Maceda,Emelia ,02/07/2024,08:00,17:00
31,Aguilar,Delia ,02/07/2024,08:00,17:00
32,Castro,John Rafael,02/07/2024,08:00,17:00
33,Martinez,Carlos Ian,02/07/2024,08:00,17:00
34,Santos,Beatriz,02/07/2024,08:00,17:00
1,Garcia,Manuel III,02/08/2024,08:00,17:00
2,Lim,Antonio,02/08/2024,08:00,17:00
3,Aquino,Bianca Sofia,02/08/2024,08:00,17:00
4,Reyes,Isabella,02/08/2024,08:00,17:00
5,Hernandez,Eduard,02/08/2024,08:00,17:00
6,Villanueva,Andrea Mae,02/08/2024,08:00,17:00
7,San Jose,Brad ,02/08/2024,08:00,17:00
8,Romualdez,Alice,02/08/2024,08:00,17:00
9,Atienza,Rosie ,02/08/2024,08:00,17:00
10,Alvaro,Roderick,02/08/2024,08:00,17:00
11,Salcedo,Anthony,02/08/2024,08:00,17:00
12,Lopez,Josie ,02/08/2024,08:00,17:00
13,Farala,Martha,02/08/2024,08:00,17:00
14,Martinez,Leila,02/08/2024,08:00,17:00
15,Romualdez,Fredrick ,02/08/2024,08:00,17:00
16,Mata,Christian,02/08/2024,08:00,17:00
17,De Leon,Selena ,02/08/2024,08:00,17:00
18,San Jose,Allison ,02/08/2024,08:00,17:00
19,Rosario,Cydney ,02/08/2024,08:00,17:00
20,Bautista,Mark ,02/08/2024,08:00,17:00
21,Lazaro,Darlene ,02/08/2024,08:00,17:00
22,Delos Santos,Kolby ,02/08/2024,08:00,17:00
23,Santos,Vella ,02/08/2024,08:00,17:00
24,Del Rosario,Tomas,02/08/2024,08:00,17:00
25,Tolentino,Jacklyn ,02/08/2024,08:00,17:00
26,Gutierrez,Percival ,02/08/2024,08:00,17:00
27,Manalaysay,Garfield ,02/08/2024,08:00,17:00
28,Villegas,Lizeth ,02/08/2024,08:00,17:00
29,Ramos,Carol ,02/08/2024,08:00,17:00
30,Maceda,Emelia ,02/08/2024,08:00,17:00
31,Aguilar,Delia ,02/08/2024,08:00,17:00
32,Castro,John Rafael,02/08/2024,08:00,17:00
33,Martinez,Carlos Ian,02/08/2024,08:00,17:00
34,Santos,Beatriz,02/08/2024,08:00,17:00
1,Garcia,Manuel III,02/09/2024,08:00,17:00
2,Lim,Antonio,02/09/2024,08:00,17:00
3,Aquino,Bianca Sofia,02/09/2024,08:00,17:00
4,Reyes,Isabella,02/09/2024,08:00,17:00
5,Hernandez,Eduard,02/09/2024,08:00,17:00
6,Villanueva,Andrea Mae,02/09/2024,08:00,17:00
7,San Jose,Brad ,02/09/2024,08:00,17:00
8,Romualdez,Alice,02/09/2024,08:00,17:00
9,Atienza,Rosie ,02/09/2024,08:00,17:00
10,Alvaro,Roderick,02/09/2024,08:00,17:00
11,Salcedo,Anthony,02/09/2024,08:00,17:00
12,Lopez,Josie ,02/09/2024,08:00,17:00
13,Farala,Martha,02/09/2024,08:00,17:00
14,Martinez,Leila,02/09/2024,08:00,17:00
15,Romualdez,Fredrick ,02/09/2024,08:00,17:00
16,Mata,Christian,02/09/2024,08:00,17:00
17,De Leon,Selena ,02/09/2024,08:00,17:00
18,San Jose,Allison ,02/09/2024,08:00,17:00
19,Rosario,Cydney ,02/09/2024,08:00,17:00
20,Bautista,Mark ,02/09/2024,08:00,17:00
21,Lazaro,Darlene ,02/09/2024,08:00,17:00
22,Delos Santos,Kolby ,02/09/2024,08:00,17:00
23,Santos,Vella ,02/09/2024,08:00,17:00
24,Del Rosario,Tomas,02/09/2024,08:00,17:00
25,Tolentino,Jacklyn ,02/09/2024,08:00,17:00
26,Gutierrez,Percival ,02/09/2024,08:00,17:00
27,Manalaysay,Garfield ,02/09/2024,08:00,17:00
28,Villegas,Lizeth ,02/09/2024,08:00,17:00
29,Ramos,Carol ,02/09/2024,08:00,17:00
30,Maceda,Emelia ,02/09/2024,08:00,17:00
31,Aguilar,Delia ,02/09/2024,08:00,17:00
32,Castro,John Rafael,02/09/2024,08:00,17:00
33,Martinez,Carlos Ian,02/09/2024,08:00,17:00
34,Santos,Beatriz,02/09/2024,08:00,17:00
1,Garcia,Manuel III,02/12/2024,08:00,17:00
2,Lim,Antonio,02/12/2024,08:00,17:00
3,Aquino,Bianca Sofia,02/12/2024,08:00,17:00
4,Reyes,Isabella,02/12/2024,08:00,17:00
5,Hernandez,Eduard,02/12/2024,08:00,17:00
6,Villanueva,Andrea Mae,02/12/2024,08:00,17:00
7,San Jose,Brad ,02/12/2024,08:00,17:00
8,Romualdez,Alice,02/12/2024,08:00,17:00
9,Atienza,Rosie ,02/12/2024,08:00,17:00
10,Alvaro,Roderick,02/12/2024,08:00,17:00
11,Salcedo,Anthony,02/12/2024,08:00,17:00
12,Lopez,Josie ,02/12/2024,08:00,17:00
13,Farala,Martha,02/12/2024,08:00,17:00
14,Martinez,Leila,02/12/2024,08:00,17:00
15,Romualdez,Fredrick ,02/12/2024,08:00,17:00
16,Mata,Christian,02/12/2024,08:00,17:00
17,De Leon,Selena ,02/12/2024,08:00,17:00
18,San Jose,Allison ,02/12/2024,08:00,17:00
19,Rosario,Cydney ,02/12/2024,08:00,17:00
20,Bautista,Mark ,02/12/2024,08:00,17:00
21,Lazaro,Darlene ,02/12/2024,08:00,17:00
22,Delos Santos,Kolby ,02/12/2024,08:00,17:00
23,Santos,Vella ,02/12/2024,08:00,17:00
24,Del Rosario,Tomas,02/12/2024,08:00,17:00
25,Tolentino,Jacklyn ,02/12/2024,08:00,17:00
26,Gutierrez,Percival ,02/12/2024,08:00,17:00
27,Manalaysay,Garfield ,02/12/2024,08:00,17:00
28,Villegas,Lizeth ,02/12/2024,08:00,17:00
29,Ramos,Carol ,02/12/2024,08:00,17:00
30,Maceda,Emelia ,02/12/2024,08:00,17:00
31,Aguilar,Delia ,02/12/2024,08:00,17:00
32,Castro,John Rafael,02/12/2024,08:00,17:00
33,Martinez,Carlos Ian,02/12/2024,08:00,17:00
34,Santos,Beatriz,02/12/2024,08:00,17:00
1,Garcia,Manuel III,02/13/2024,08:00,17:00
2,Lim,Antonio,02/13/2024,08:00,17:00
3,Aquino,Bianca Sofia,02/13/2024,08:00,17:00
4,Reyes,Isabella,02/13/2024,08:00,17:00
5,Hernandez,Eduard,02/13/2024,08:00,17:00
6,Villanueva,Andrea Mae,02/13/2024,08:00,17:00
7,San Jose,Brad ,02/13/2024,08:00,17:00
8,Romualdez,Alice,02/13/2024,08:00,17:00
9,Atienza,Rosie ,02/13/2024,08:00,17:00
10,Alvaro,Roderick,02/13/2024,08:00,17:00
11,Salcedo,Anthony,02/13/2024,08:00,17:00
12,Lopez,Josie ,02/13/2024,08:00,17:00
13,Farala,Martha,02/13/2024,08:00,17:00
14,Martinez,Leila,02/13/2024,08:00,17:00
15,Romualdez,Fredrick ,02/13/2024,08:00,17:00
16,Mata,Christian,02/13/2024,08:00,17:00
17,De Leon,Selena ,02/13/2024,08:00,17:00
18,San Jose,Allison ,02/13/2024,08:00,17:00
19,Rosario,Cydney ,02/13/2024,08:00,17:00
20,Bautista,Mark ,02/13/2024,08:00,17:00
21,Lazaro,Darlene ,02/13/2024,08:00,17:00
22,Delos Santos,Kolby ,02/13/2024,08:00,17:00
23,Santos,Vella ,02/13/2024,08:00,17:00
24,Del Rosario,Tomas,02/13/2024,08:00,17:00
25,Tolentino,Jacklyn ,02/13/2024,08:00,17:00
26,Gutierrez,Percival ,02/13/2024,08:00,17:00
27,Manalaysay,Garfield ,02/13/2024,08:00,17:00
28,Villegas,Lizeth ,02/13/2024,08:00,17:00
29,Ramos,Carol ,02/13/2024,08:00,17:00
30,Maceda,Emelia ,02/13/2024,08:00,17:00
31,Aguilar,Delia ,02/13/2024,08:00,17:00
32,Castro,John Rafael,02/13/2024,08:00,17:00
33,Martinez,Carlos Ian,02/13/2024,08:00,17:00
34,Santos,Beatriz,02/13/2024,08:00,17:00
1,Garcia,Manuel III,02/14/2024,08:00,17:00
2,Lim,Antonio,02/14/2024,08:00,17:00
3,Aquino,Bianca Sofia,02/14/2024,08:00,17:00
4,Reyes,Isabella,02/14/2024,08:00,17:00
5,Hernandez,Eduard,02/14/2024,08:00,17:00
6,Villanueva,Andrea Mae,02/14/2024,08:00,17:00
7,San Jose,Brad ,02/14/2024,08:00,17:00
8,Romualdez,Alice,02/14/2024,08:00,17:00
9,Atienza,Rosie ,02/14/2024,08:00,17:00
10,Alvaro,Roderick,02/14/2024,08:00,17:00
11,Salcedo,Anthony,02/14/2024,08:00,17:00
12,Lopez,Josie ,02/14/2024,08:00,17:00
13,Farala,Martha,02/14/2024,08:00,17:00
14,Martinez,Leila,02/14/2024,08:00,17:00
15,Romualdez,Fredrick ,02/14/2024,08:00,17:00
16,Mata,Christian,02/14/2024,08:00,17:00
17,De Leon,Selena ,02/14/2024,08:00,17:00
18,San Jose,Allison ,02/14/2024,08:00,17:00
19,Rosario,Cydney ,02/14/2024,08:00,17:00
20,Bautista,Mark ,02/14/2024,08:00,17:00
21,Lazaro,Darlene ,02/14/2024,08:00,17:00
22,Delos Santos,Kolby ,02/14/2024,08:00,17:00
23,Santos,Vella ,02/14/2024,08:00,17:00
24,Del Rosario,Tomas,02/14/2024,08:00,17:00
25,Tolentino,Jacklyn ,02/14/2024,08:00,17:00
26,Gutierrez,Percival ,02/14/2024,08:00,17:00
27,Manalaysay,Garfield ,02/14/2024,08:00,17:00
28,Villegas,Lizeth ,02/14/2024,08:00,17:00
29,Ramos,Carol ,02/14/2024,08:00,17:00
30,Maceda,Emelia ,02/14/2024,08:00,17:00
31,Aguilar,Delia ,02/14/2024,08:00,17:00
32,Castro,John Rafael,02/14/2024,08:00,17:00
33,Martinez,Carlos Ian,02/14/2024,08:00,17:00
34,Santos,Beatriz,02/14/2024,08:00,17:00
1,Garcia,Manuel III,02/15/2024,08:00,17:00
2,Lim,Antonio,02/15/2024,08:00,17:00
3,Aquino,Bianca Sofia,02/15/2024,08:00,17:00
4,Reyes,Isabella,02/15/2024,08:00,17:00
5,Hernandez,Eduard,02/15/2024,08:00,17:00
6,Villanueva,Andrea Mae,02/15/2024,08:00,17:00
7,San Jose,Brad ,02/15/2024,08:00,17:00
8,Romualdez,Alice,02/15/2024,08:00,17:00
9,Atienza,Rosie ,02/15/2024,08:00,17:00
10,Alvaro,Roderick,02/15/2024,08:00,17:00
11,Salcedo,Anthony,02/15/2024,08:00,17:00
12,Lopez,Josie ,02/15/2024,08:00,17:00
13,Farala,Martha,02/15/2024,08:00,17:00
14,Martinez,Leila,02/15/2024,08:00,17:00
15,Romualdez,Fredrick ,02/15/2024,08:00,17:00
16,Mata,Christian,02/15/2024,08:00,17:00
17,De Leon,Selena ,02/15/2024,08:00,17:00
18,San Jose,Allison ,02/15/2024,08:00,17:00
19,Rosario,Cydney ,02/15/2024,08:00,17:00
20,Bautista,Mark ,02/15/2024,08:00,17:00
21,Lazaro,Darlene ,02/15/2024,08:00,17:00
22,Delos Santos,Kolby ,02/15/2024,08:00,17:00
23,Santos,Vella ,02/15/2024,08:00,17:00
24,Del Rosario,Tomas,02/15/2024,08:00,17:00
25,Tolentino,Jacklyn ,02/15/2024,08:00,17:00
26,Gutierrez,Percival ,02/15/2024,08:00,17:00
27,Manalaysay,Garfield ,02/15/2024,08:00,17:00
28,Villegas,Lizeth ,02/15/2024,08:00,17:00
29,Ramos,Carol ,02/15/2024,08:00,17:00
30,Maceda,Emelia ,02/15/2024,08:00,17:00
31,Aguilar,Delia ,02/15/2024,08:00,17:00
32,Castro,John Rafael,02/15/2024,08:00,17:00
33,Martinez,Carlos Ian,02/15/2024,08:00,17:00
34,Santos,Beatriz,02/15/2024,08:00,17:00
1,Garcia,Manuel III,02/16/2024,08:00,17:00
2,Lim,Antonio,02/16/2024,08:00,17:00
3,Aquino,Bianca Sofia,02/16/2024,08:00,17:00
4,Reyes,Isabella,02/16/2024,08:00,17:00
5,Hernandez,Eduard,02/16/2024,08:00,17:00
6,Villanueva,Andrea Mae,02/16/2024,08:00,17:00
7,San Jose,Brad ,02/16/2024,08:00,17:00
8,Romualdez,Alice,02/16/2024,08:00,17:00
9,Atienza,Rosie ,02/16/2024,08:00,17:00
10,Alvaro,Roderick,02/16/2024,08:00,17:00
11,Salcedo,Anthony,02/16/2024,08:00,17:00
12,Lopez,Josie ,02/16/2024,08:00,17:00
13,Farala,Martha,02/16/2024,08:00,17:00
14,Martinez,Leila,02/16/2024,08:00,17:00
15,Romualdez,Fredrick ,02/16/2024,08:00,17:00
16,Mata,Christian,02/16/2024,08:00,17:00
17,De Leon,Selena ,02/16/2024,08:00,17:00
18,San Jose,Allison ,02/16/2024,08:00,17:00
19,Rosario,Cydney ,02/16/2024,08:00,17:00
20,Bautista,Mark ,02/16/2024,08:00,17:00
21,Lazaro,Darlene ,02/16/2024,08:00,17:00
22,Delos Santos,Kolby ,02/16/2024,08:00,17:00
23,Santos,Vella ,02/16/2024,08:00,17:00
24,Del Rosario,Tomas,02/16/2024,08:00,17:00
25,Tolentino,Jacklyn ,02/16/2024,08:00,17:00
26,Gutierrez,Percival ,02/16/2024,08:00,17:00
27,Manalaysay,Garfield ,02/16/2024,08:00,17:00
28,Villegas,Lizeth ,02/16/2024,08:00,17:00
29,Ramos,Carol ,02/16/2024,08:00,17:00
30,Maceda,Emelia ,02/16/2024,08:00,17:00
31,Aguilar,Delia ,02/16/2024,08:00,17:00
32,Castro,John Rafael,02/16/2024,08:00,17:00
33,Martinez,Carlos Ian,02/16/2024,08:00,17:00
34,Santos,Beatriz,02/16/2024,08:00,17:00
1,Garcia,Manuel III,02/19/2024,08:00,17:00
2,Lim,Antonio,02/19/2024,08:00,17:00
3,Aquino,Bianca Sofia,02/19/2024,08:00,17:00
4,Reyes,Isabella,02/19/2024,08:00,17:00
5,Hernandez,Eduard,02/19/2024,08:00,17:00
6,Villanueva,Andrea Mae,02/19/2024,08:00,17:00
7,San Jose,Brad ,02/19/2024,08:00,17:00
8,Romualdez,Alice,02/19/2024,08:00,17:00
9,Atienza,Rosie ,02/19/2024,08:00,17:00
10,Alvaro,Roderick,02/19/2024,08:00,17:00
11,Salcedo,Anthony,02/19/2024,08:00,17:00
12,Lopez,Josie ,02/19/2024,08:00,17:00
13,Farala,Martha,02/19/2024,08:00,17:00
14,Martinez,Leila,02/19/2024,08:00,17:00
15,Romualdez,Fredrick ,02/19/2024,08:00,17:00
16,Mata,Christian,02/19/2024,08:00,17:00
17,De Leon,Selena ,02/19/2024,08:00,17:00
18,San Jose,Allison ,02/19/2024,08:00,17:00
19,Rosario,Cydney ,02/19/2024,08:00,17:00
20,Bautista,Mark ,02/19/2024,08:00,17:00
21,Lazaro,Darlene ,02/19/2024,08:00,17:00
22,Delos Santos,Kolby ,02/19/2024,08:00,17:00
23,Santos,Vella ,02/19/2024,08:00,17:00
24,Del Rosario,Tomas,02/19/2024,08:00,17:00
25,Tolentino,Jacklyn ,02/19/2024,08:00,17:00
26,Gutierrez,Percival ,02/19/2024,08:00,17:00
27,Manalaysay,Garfield ,02/19/2024,08:00,17:00
28,Villegas,Lizeth ,02/19/2024,08:00,17:00
29,Ramos,Carol ,02/19/2024,08:00,17:00
30,Maceda,Emelia ,02/19/2024,08:00,17:00
31,Aguilar,Delia ,02/19/2024,08:00,17:00
32,Castro,John Rafael,02/19/2024,08:00,17:00
33,Martinez,Carlos Ian,02/19/2024,08:00,17:00
34,Santos,Beatriz,02/19/2024,08:00,17:00
1,Garcia,Manuel III,02/20/2024,08:00,17:00
2,Lim,Antonio,02/20/2024,08:00,17:00
3,Aquino,Bianca Sofia,02/20/2024,08:00,17:00
4,Reyes,Isabella,02/20/2024,08:00,17:00
5,Hernandez,Eduard,02/20/2024,08:00,17:00
6,Villanueva,Andrea Mae,02/20/2024,08:00,17:00
7,San Jose,Brad ,02/20/2024,08:00,17:00
8,Romualdez,Alice,02/20/2024,08:00,17:00
9,Atienza,Rosie ,02/20/2024,08:00,17:00
10,Alvaro,Roderick,02/20/2024,08:00,17:00
11,Salcedo,Anthony,02/20/2024,08:00,17:00
12,Lopez,Josie ,02/20/2024,08:00,17:00
13,Farala,Martha,02/20/2024,08:00,17:00
14,Martinez,Leila,02/20/2024,08:00,17:00
15,Romualdez,Fredrick ,02/20/2024,08:00,17:00
16,Mata,Christian,02/20/2024,08:00,17:00
17,De Leon,Selena ,02/20/2024,08:00,17:00
18,San Jose,Allison ,02/20/2024,08:00,17:00
19,Rosario,Cydney ,02/20/2024,08:00,17:00
20,Bautista,Mark ,02/20/2024,08:00,17:00
21,Lazaro,Darlene ,02/20/2024,08:00,17:00
22,Delos Santos,Kolby ,02/20/2024,08:00,17:00
23,Santos,Vella ,02/20/2024,08:00,17:00
24,Del Rosario,Tomas,02/20/2024,08:00,17:00
25,Tolentino,Jacklyn ,02/20/2024,08:00,17:00
26,Gutierrez,Percival ,02/20/2024,08:00,17:00
27,Manalaysay,Garfield ,02/20/2024,08:00,17:00
28,Villegas,Lizeth ,02/20/2024,08:00,17:00
29,Ramos,Carol ,02/20/2024,08:00,17:00
30,Maceda,Emelia ,02/20/2024,08:00,17:00
31,Aguilar,Delia ,02/20/2024,08:00,17:00
32,Castro,John Rafael,02/20/2024,08:00,17:00
33,Martinez,Carlos Ian,02/20/2024,08:00,17:00
34,Santos,Beatriz,02/20/2024,08:00,17:00
1,Garcia,Manuel III,02/21/2024,08:00,17:00
2,Lim,Antonio,02/21/2024,08:00,17:00
3,Aquino,Bianca Sofia,02/21/2024,08:00,17:00
4,Reyes,Isabella,02/21/2024,08:00,17:00
5,Hernandez,Eduard,02/21/2024,08:00,17:00
6,Villanueva,Andrea Mae,02/21/2024,08:00,17:00
7,San Jose,Brad ,02/21/2024,08:00,17:00
8,Romualdez,Alice,02/21/2024,08:00,17:00
9,Atienza,Rosie ,02/21/2024,08:00,17:00
10,Alvaro,Roderick,02/21/2024,08:00,17:00
11,Salcedo,Anthony,02/21/2024,08:00,17:00
12,Lopez,Josie ,02/21/2024,08:00,17:00
13,Farala,Martha,02/21/2024,08:00,17:00
14,Martinez,Leila,02/21/2024,08:00,17:00
15,Romualdez,Fredrick ,02/21/2024,08:00,17:00
16,Mata,Christian,02/21/2024,08:00,17:00
17,De Leon,Selena ,02/21/2024,08:00,17:00
18,San Jose,Allison ,02/21/2024,08:00,17:00
19,Rosario,Cydney ,02/21/2024,08:00,17:00
20,Bautista,Mark ,02/21/2024,08:00,17:00
21,Lazaro,Darlene ,02/21/2024,08:00,17:00
22,Delos Santos,Kolby ,02/21/2024,08:00,17:00
23,Santos,Vella ,02/21/2024,08:00,17:00
24,Del Rosario,Tomas,02/21/2024,08:00,17:00
25,Tolentino,Jacklyn ,02/21/2024,08:00,17:00
26,Gutierrez,Percival ,02/21/2024,08:00,17:00
27,Manalaysay,Garfield ,02/21/2024,08:00,17:00
28,Villegas,Lizeth ,02/21/2024,08:00,17:00
29,Ramos,Carol ,02/21/2024,08:00,17:00
30,Maceda,Emelia ,02/21/2024,08:00,17:00
31,Aguilar,Delia ,02/21/2024,08:00,17:00
32,Castro,John Rafael,02/21/2024,08:00,17:00
33,Martinez,Carlos Ian,02/21/2024,08:00,17:00
34,Santos,Beatriz,02/21/2024,08:00,17:00
1,Garcia,Manuel III,02/22/2024,08:00,17:00
2,Lim,Antonio,02/22/2024,08:00,17:00
3,Aquino,Bianca Sofia,02/22/2024,08:00,17:00
4,Reyes,Isabella,02/22/2024,08:00,17:00
5,Hernandez,Eduard,02/22/2024,08:00,17:00
6,Villanueva,Andrea Mae,02/22/2024,08:00,17:00
7,San Jose,Brad ,02/22/2024,08:00,17:00
8,Romualdez,Alice,02/22/2024,08:00,17:00
9,Atienza,Rosie ,02/22/2024,08:00,17:00
10,Alvaro,Roderick,02/22/2024,08:00,17:00
11,Salcedo,Anthony,02/22/2024,08:00,17:00
12,Lopez,Josie ,02/22/2024,08:00,17:00
13,Farala,Martha,02/22/2024,08:00,17:00
14,Martinez,Leila,02/22/2024,08:00,17:00
15,Romualdez,Fredrick ,02/22/2024,08:00,17:00
16,Mata,Christian,02/22/2024,08:00,17:00
17,De Leon,Selena ,02/22/2024,08:00,17:00
18,San Jose,Allison ,02/22/2024,08:00,17:00
19,Rosario,Cydney ,02/22/2024,08:00,17:00
20,Bautista,Mark ,02/22/2024,08:00,17:00
21,Lazaro,Darlene ,02/22/2024,08:00,17:00
22,Delos Santos,Kolby ,02/22/2024,08:00,17:00
23,Santos,Vella ,02/22/2024,08:00,17:00
24,Del Rosario,Tomas,02/22/2024,08:00,17:00
25,Tolentino,Jacklyn ,02/22/2024,08:00,17:00
26,Gutierrez,Percival ,02/22/2024,08:00,17:00
27,Manalaysay,Garfield ,02/22/2024,08:00,17:00
28,Villegas,Lizeth ,02/22/2024,08:00,17:00
29,Ramos,Carol ,02/22/2024,08:00,17:00
30,Maceda,Emelia ,02/22/2024,08:00,17:00
31,Aguilar,Delia ,02/22/2024,08:00,17:00
32,Castro,John Rafael,02/22/2024,08:00,17:00
33,Martinez,Carlos Ian,02/22/2024,08:00,17:00
34,Santos,Beatriz,02/22/2024,08:00,17:00
1,Garcia,Manuel III,02/23/2024,08:00,17:00
2,Lim,Antonio,02/23/2024,08:00,17:00
3,Aquino,Bianca Sofia,02/23/2024,08:00,17:00
4,Reyes,Isabella,02/23/2024,08:00,17:00
5,Hernandez,Eduard,02/23/2024,08:00,17:00
6,Villanueva,Andrea Mae,02/23/2024,08:00,17:00
7,San Jose,Brad ,02/23/2024,08:00,17:00
8,Romualdez,Alice,02/23/2024,08:00,17:00
9,Atienza,Rosie ,02/23/2024,08:00,17:00
10,Alvaro,Roderick,02/23/2024,08:00,17:00
11,Salcedo,Anthony,02/23/2024,08:00,17:00
12,Lopez,Josie ,02/23/2024,08:00,17:00
13,Farala,Martha,02/23/2024,08:00,17:00
14,Martinez,Leila,02/23/2024,08:00,17:00
15,Romualdez,Fredrick ,02/23/2024,08:00,17:00
16,Mata,Christian,02/23/2024,08:00,17:00
17,De Leon,Selena ,02/23/2024,08:00,17:00
18,San Jose,Allison ,02/23/2024,08:00,17:00
19,Rosario,Cydney ,02/23/2024,08:00,17:00
20,Bautista,Mark ,02/23/2024,08:00,17:00
21,Lazaro,Darlene ,02/23/2024,08:00,17:00
22,Delos Santos,Kolby ,02/23/2024,08:00,17:00
23,Santos,Vella ,02/23/2024,08:00,17:00
24,Del Rosario,Tomas,02/23/2024,08:00,17:00
25,Tolentino,Jacklyn ,02/23/2024,08:00,17:00
26,Gutierrez,Percival ,02/23/2024,08:00,17:00
27,Manalaysay,Garfield ,02/23/2024,08:00,17:00
28,Villegas,Lizeth ,02/23/2024,08:00,17:00
29,Ramos,Carol ,02/23/2024,08:00,17:00
30,Maceda,Emelia ,02/23/2024,08:00,17:00
31,Aguilar,Delia ,02/23/2024,08:00,17:00
32,Castro,John Rafael,02/23/2024,08:00,17:00
33,Martinez,Carlos Ian,02/23/2024,08:00,17:00
34,Santos,Beatriz,02/23/2024,08:00,17:00
1,Garcia,Manuel III,02/27/2024,17:42,17:42
1,Garcia,Manuel III,02/28/2024,09:56,09:56
1,Garcia,Manuel III,02/29/2024,09:24,09:24
1,Garcia,Manuel III,03/03/2024,23:35,23:35
